acc,loss,val_acc,val_loss
0.6566393375396729,1.1138005256652832,0.7845228314399719,0.6436247825622559
